year,region,profession,workforce_supply,population,demand_indicator
2011,Fraser,General Practitioners,1306.0,104556.0,
2011,Fraser,Medical Specialists,914.0,104556.0,
2011,Fraser,Other Practitioners,1600.0,104556.0,
2011,Interior,General Practitioners,924.0,109360.0,
2011,Interior,Medical Specialists,555.0,109360.0,
2011,Interior,Other Practitioners,1045.0,109360.0,
2011,Northern,General Practitioners,305.0,107574.0,
2011,Northern,Medical Specialists,142.0,107574.0,
2011,Northern,Other Practitioners,194.0,107574.0,
2011,Vancouver Coastal,General Practitioners,1383.0,57544.0,
2011,Vancouver Coastal,Medical Specialists,1835.0,57544.0,
2011,Vancouver Coastal,Other Practitioners,1855.0,57544.0,
2011,Vancouver Island,General Practitioners,1073.0,97562.0,
2011,Vancouver Island,Medical Specialists,720.0,97562.0,
2011,Vancouver Island,Other Practitioners,1245.0,97562.0,
2012,Fraser,General Practitioners,1371.85,109828.0,
2012,Fraser,Medical Specialists,960.09,109828.0,
2012,Fraser,Other Practitioners,1680.68,109828.0,
2012,Interior,General Practitioners,964.37,114138.0,
2012,Interior,Medical Specialists,579.25,114138.0,
2012,Interior,Other Practitioners,1090.66,114138.0,
2012,Northern,General Practitioners,310.34,109458.0,
2012,Northern,Medical Specialists,144.49,109458.0,
2012,Northern,Other Practitioners,197.4,109458.0,
2012,Vancouver Coastal,General Practitioners,1421.74,59156.0,
2012,Vancouver Coastal,Medical Specialists,1886.4,59156.0,
2012,Vancouver Coastal,Other Practitioners,1906.96,59156.0,
2012,Vancouver Island,General Practitioners,1121.81,102000.0,
2012,Vancouver Island,Medical Specialists,752.75,102000.0,
2012,Vancouver Island,Other Practitioners,1301.63,102000.0,
2013,Fraser,General Practitioners,1438.55,115168.0,
2013,Fraser,Medical Specialists,1006.77,115168.0,
2013,Fraser,Other Practitioners,1762.39,115168.0,
2013,Interior,General Practitioners,1004.39,118874.0,
2013,Interior,Medical Specialists,603.28,118874.0,
2013,Interior,Other Practitioners,1135.91,118874.0,
2013,Northern,General Practitioners,315.39,111240.0,
2013,Northern,Medical Specialists,146.84,111240.0,
2013,Northern,Other Practitioners,200.61,111240.0,
2013,Vancouver Coastal,General Practitioners,1460.53,60770.0,
2013,Vancouver Coastal,Medical Specialists,1937.87,60770.0,
2013,Vancouver Coastal,Other Practitioners,1958.99,60770.0,
2013,Vancouver Island,General Practitioners,1171.48,106516.0,
2013,Vancouver Island,Medical Specialists,786.08,106516.0,
2013,Vancouver Island,Other Practitioners,1359.26,106516.0,
2014,Fraser,General Practitioners,1504.36,120436.0,
2014,Fraser,Medical Specialists,1052.82,120436.0,
2014,Fraser,Other Practitioners,1843.01,120436.0,
2014,Interior,General Practitioners,1045.03,123684.0,
2014,Interior,Medical Specialists,627.69,123684.0,
2014,Interior,Other Practitioners,1181.87,123684.0,
2014,Northern,General Practitioners,320.63,113086.0,
2014,Northern,Medical Specialists,149.28,113086.0,
2014,Northern,Other Practitioners,203.94,113086.0,
2014,Vancouver Coastal,General Practitioners,1500.38,62428.0,
2014,Vancouver Coastal,Medical Specialists,1990.74,62428.0,
2014,Vancouver Coastal,Other Practitioners,2012.44,62428.0,
2014,Vancouver Island,General Practitioners,1219.94,110922.0,
2014,Vancouver Island,Medical Specialists,818.6,110922.0,
2014,Vancouver Island,Other Practitioners,1415.49,110922.0,
2015,Fraser,General Practitioners,1571.13,125782.0,
2015,Fraser,Medical Specialists,1099.55,125782.0,
2015,Fraser,Other Practitioners,1924.82,125782.0,
2015,Interior,General Practitioners,1085.28,128448.0,
2015,Interior,Medical Specialists,651.87,128448.0,
2015,Interior,Other Practitioners,1227.4,128448.0,
2015,Northern,General Practitioners,325.86,114932.0,
2015,Northern,Medical Specialists,151.71,114932.0,
2015,Northern,Other Practitioners,207.27,114932.0,
2015,Vancouver Coastal,General Practitioners,1536.91,63948.0,
2015,Vancouver Coastal,Medical Specialists,2039.21,63948.0,
2015,Vancouver Coastal,Other Practitioners,2061.44,63948.0,
2015,Vancouver Island,General Practitioners,1269.56,115434.0,
2015,Vancouver Island,Medical Specialists,851.89,115434.0,
2015,Vancouver Island,Other Practitioners,1473.07,115434.0,
2016,Fraser,General Practitioners,1636.88,131046.0,
2016,Fraser,Medical Specialists,1145.57,131046.0,
2016,Fraser,Other Practitioners,2005.37,131046.0,
2016,Interior,General Practitioners,1126.0,133268.0,
2016,Interior,Medical Specialists,676.33,133268.0,
2016,Interior,Other Practitioners,1273.46,133268.0,
2016,Northern,General Practitioners,331.11,116784.0,
2016,Northern,Medical Specialists,154.16,116784.0,
2016,Northern,Other Practitioners,210.61,116784.0,
2016,Vancouver Coastal,General Practitioners,1576.23,65584.0,
2016,Vancouver Coastal,Medical Specialists,2091.38,65584.0,
2016,Vancouver Coastal,Other Practitioners,2114.18,65584.0,
2016,Vancouver Island,General Practitioners,1318.08,119846.0,
2016,Vancouver Island,Medical Specialists,884.45,119846.0,
2016,Vancouver Island,Other Practitioners,1529.37,119846.0,
2017,Fraser,General Practitioners,1653.97,132414.0,
2017,Fraser,Medical Specialists,1157.53,132414.0,
2017,Fraser,Other Practitioners,2026.31,132414.0,
2017,Interior,General Practitioners,1156.15,136836.0,
2017,Interior,Medical Specialists,694.44,136836.0,
2017,Interior,Other Practitioners,1307.55,136836.0,
2017,Northern,General Practitioners,331.44,116900.0,
2017,Northern,Medical Specialists,154.31,116900.0,
2017,Northern,Other Practitioners,210.82,116900.0,
2017,Vancouver Coastal,General Practitioners,1597.29,66460.0,
2017,Vancouver Coastal,Medical Specialists,2119.32,66460.0,
2017,Vancouver Coastal,Other Practitioners,2142.42,66460.0,
2017,Vancouver Island,General Practitioners,1350.39,122784.0,
2017,Vancouver Island,Medical Specialists,906.14,122784.0,
2017,Vancouver Island,Other Practitioners,1566.86,122784.0,
2018,Fraser,General Practitioners,1671.28,133800.0,
2018,Fraser,Medical Specialists,1169.64,133800.0,
2018,Fraser,Other Practitioners,2047.52,133800.0,
2018,Interior,General Practitioners,1186.75,140458.0,
2018,Interior,Medical Specialists,712.82,140458.0,
2018,Interior,Other Practitioners,1342.16,140458.0,
2018,Northern,General Practitioners,331.71,116996.0,
2018,Northern,Medical Specialists,154.44,116996.0,
2018,Northern,Other Practitioners,210.99,116996.0,
2018,Vancouver Coastal,General Practitioners,1618.05,67324.0,
2018,Vancouver Coastal,Medical Specialists,2146.87,67324.0,
2018,Vancouver Coastal,Other Practitioners,2170.27,67324.0,
2018,Vancouver Island,General Practitioners,1382.25,125680.0,
2018,Vancouver Island,Medical Specialists,927.51,125680.0,
2018,Vancouver Island,Other Practitioners,1603.82,125680.0,
2019,Fraser,General Practitioners,1688.57,135184.0,
2019,Fraser,Medical Specialists,1181.74,135184.0,
2019,Fraser,Other Practitioners,2068.69,135184.0,
2019,Interior,General Practitioners,1216.51,143980.0,
2019,Interior,Medical Specialists,730.7,143980.0,
2019,Interior,Other Practitioners,1375.81,143980.0,
2019,Northern,General Practitioners,332.11,117136.0,
2019,Northern,Medical Specialists,154.62,117136.0,
2019,Northern,Other Practitioners,211.24,117136.0,
2019,Vancouver Coastal,General Practitioners,1639.01,68196.0,
2019,Vancouver Coastal,Medical Specialists,2174.68,68196.0,
2019,Vancouver Coastal,Other Practitioners,2198.38,68196.0,
2019,Vancouver Island,General Practitioners,1414.62,128624.0,
2019,Vancouver Island,Medical Specialists,949.24,128624.0,
2019,Vancouver Island,Other Practitioners,1641.39,128624.0,
2020,Fraser,General Practitioners,1705.98,136578.0,33567.0
2020,Fraser,Medical Specialists,1193.93,136578.0,33567.0
2020,Fraser,Other Practitioners,2090.03,136578.0,33567.0
2020,Interior,General Practitioners,1246.96,147584.0,4087.0
2020,Interior,Medical Specialists,748.99,147584.0,4087.0
2020,Interior,Other Practitioners,1410.25,147584.0,4087.0
2020,Northern,General Practitioners,332.34,117216.0,2045.0
2020,Northern,Medical Specialists,154.73,117216.0,2045.0
2020,Northern,Other Practitioners,211.39,117216.0,2045.0
2020,Vancouver Coastal,General Practitioners,1659.24,69038.0,12246.0
2020,Vancouver Coastal,Medical Specialists,2201.53,69038.0,12246.0
2020,Vancouver Coastal,Other Practitioners,2225.52,69038.0,12246.0
2020,Vancouver Island,General Practitioners,1447.0,131568.0,944.0
2020,Vancouver Island,Medical Specialists,970.96,131568.0,944.0
2020,Vancouver Island,Other Practitioners,1678.95,131568.0,944.0
2021,Fraser,General Practitioners,1722.52,137902.0,93434.0
2021,Fraser,Medical Specialists,1205.5,137902.0,93434.0
2021,Fraser,Other Practitioners,2110.29,137902.0,93434.0
2021,Interior,General Practitioners,1277.41,151188.0,34487.0
2021,Interior,Medical Specialists,767.28,151188.0,34487.0
2021,Interior,Other Practitioners,1444.69,151188.0,34487.0
2021,Northern,General Practitioners,332.72,117350.0,17149.0
2021,Northern,Medical Specialists,154.9,117350.0,17149.0
2021,Northern,Other Practitioners,211.63,117350.0,17149.0
2021,Vancouver Coastal,General Practitioners,1681.12,69948.0,43591.0
2021,Vancouver Coastal,Medical Specialists,2230.55,69948.0,43591.0
2021,Vancouver Coastal,Other Practitioners,2254.86,69948.0,43591.0
2021,Vancouver Island,General Practitioners,1478.83,134462.0,17381.0
2021,Vancouver Island,Medical Specialists,992.32,134462.0,17381.0
2021,Vancouver Island,Other Practitioners,1715.89,134462.0,17381.0
2022,Fraser,General Practitioners,1769.99,141702.0,44157.0
2022,Fraser,Medical Specialists,1238.72,141702.0,44157.0
2022,Fraser,Other Practitioners,2168.44,141702.0,44157.0
2022,Interior,General Practitioners,1319.52,156172.0,31759.0
2022,Interior,Medical Specialists,792.57,156172.0,31759.0
2022,Interior,Other Practitioners,1492.32,156172.0,31759.0
2022,Northern,General Practitioners,338.99,119564.0,12280.0
2022,Northern,Medical Specialists,157.83,119564.0,12280.0
2022,Northern,Other Practitioners,215.62,119564.0,12280.0
2022,Vancouver Coastal,General Practitioners,1689.62,70302.0,24070.0
2022,Vancouver Coastal,Medical Specialists,2241.84,70302.0,24070.0
2022,Vancouver Coastal,Other Practitioners,2266.27,70302.0,24070.0
2022,Vancouver Island,General Practitioners,1508.53,137162.0,21581.0
2022,Vancouver Island,Medical Specialists,1012.24,137162.0,21581.0
2022,Vancouver Island,Other Practitioners,1750.34,137162.0,21581.0
2023,Fraser,General Practitioners,1818.68,145600.0,2359.0
2023,Fraser,Medical Specialists,1272.8,145600.0,2359.0
2023,Fraser,Other Practitioners,2228.09,145600.0,2359.0
2023,Interior,General Practitioners,1362.04,161204.0,1163.0
2023,Interior,Medical Specialists,818.11,161204.0,1163.0
2023,Interior,Other Practitioners,1540.4,161204.0,1163.0
2023,Northern,General Practitioners,345.11,121722.0,343.0
2023,Northern,Medical Specialists,160.68,121722.0,343.0
2023,Northern,Other Practitioners,219.51,121722.0,343.0
2023,Vancouver Coastal,General Practitioners,1695.01,70526.0,1442.0
2023,Vancouver Coastal,Medical Specialists,2248.98,70526.0,1442.0
2023,Vancouver Coastal,Other Practitioners,2273.49,70526.0,1442.0
2023,Vancouver Island,General Practitioners,1537.56,139802.0,1018.0
2023,Vancouver Island,Medical Specialists,1031.73,139802.0,1018.0
2023,Vancouver Island,Other Practitioners,1784.03,139802.0,1018.0
2024,Fraser,General Practitioners,1869.22,149646.0,
2024,Fraser,Medical Specialists,1308.16,149646.0,
2024,Fraser,Other Practitioners,2290.0,149646.0,
2024,Interior,General Practitioners,1405.42,166338.0,
2024,Interior,Medical Specialists,844.16,166338.0,
2024,Interior,Other Practitioners,1589.46,166338.0,
2024,Northern,General Practitioners,351.3,123904.0,
2024,Northern,Medical Specialists,163.56,123904.0,
2024,Northern,Other Practitioners,223.45,123904.0,
2024,Vancouver Coastal,General Practitioners,1699.04,70694.0,
2024,Vancouver Coastal,Medical Specialists,2254.34,70694.0,
2024,Vancouver Coastal,Other Practitioners,2278.91,70694.0,
2024,Vancouver Island,General Practitioners,1566.84,142464.0,
2024,Vancouver Island,Medical Specialists,1051.37,142464.0,
2024,Vancouver Island,Other Practitioners,1818.0,142464.0,
2025,Fraser,General Practitioners,1919.3,153656.0,
2025,Fraser,Medical Specialists,1343.22,153656.0,
2025,Fraser,Other Practitioners,2351.37,153656.0,
2025,Interior,General Practitioners,1450.3,171650.0,
2025,Interior,Medical Specialists,871.12,171650.0,
2025,Interior,Other Practitioners,1640.22,171650.0,
2025,Northern,General Practitioners,357.58,126120.0,
2025,Northern,Medical Specialists,166.48,126120.0,
2025,Northern,Other Practitioners,227.45,126120.0,
2025,Vancouver Coastal,General Practitioners,1700.1,70738.0,
2025,Vancouver Coastal,Medical Specialists,2255.74,70738.0,
2025,Vancouver Coastal,Other Practitioners,2280.32,70738.0,
2025,Vancouver Island,General Practitioners,1596.56,145166.0,
2025,Vancouver Island,Medical Specialists,1071.31,145166.0,
2025,Vancouver Island,Other Practitioners,1852.48,145166.0,
2026,Fraser,General Practitioners,1973.21,157972.0,
2026,Fraser,Medical Specialists,1380.95,157972.0,
2026,Fraser,Other Practitioners,2417.41,157972.0,
2026,Interior,General Practitioners,1495.45,176994.0,
2026,Interior,Medical Specialists,898.24,176994.0,
2026,Interior,Other Practitioners,1691.28,176994.0,
2026,Northern,General Practitioners,363.38,128166.0,
2026,Northern,Medical Specialists,169.18,128166.0,
2026,Northern,Other Practitioners,231.14,128166.0,
2026,Vancouver Coastal,General Practitioners,1702.26,70828.0,
2026,Vancouver Coastal,Medical Specialists,2258.61,70828.0,
2026,Vancouver Coastal,Other Practitioners,2283.23,70828.0,
2026,Vancouver Island,General Practitioners,1625.61,147808.0,
2026,Vancouver Island,Medical Specialists,1090.81,147808.0,
2026,Vancouver Island,Other Practitioners,1886.2,147808.0,
2027,Fraser,General Practitioners,2028.02,162360.0,
2027,Fraser,Medical Specialists,1419.31,162360.0,
2027,Fraser,Other Practitioners,2484.56,162360.0,
2027,Interior,General Practitioners,1541.84,182484.0,
2027,Interior,Medical Specialists,926.1,182484.0,
2027,Interior,Other Practitioners,1743.74,182484.0,
2027,Northern,General Practitioners,369.07,130170.0,
2027,Northern,Medical Specialists,171.83,130170.0,
2027,Northern,Other Practitioners,234.75,130170.0,
2027,Vancouver Coastal,General Practitioners,1701.5,70796.0,
2027,Vancouver Coastal,Medical Specialists,2257.59,70796.0,
2027,Vancouver Coastal,Other Practitioners,2282.19,70796.0,
2027,Vancouver Island,General Practitioners,1655.29,150506.0,
2027,Vancouver Island,Medical Specialists,1110.72,150506.0,
2027,Vancouver Island,Other Practitioners,1920.62,150506.0,
2028,Fraser,General Practitioners,2084.93,166916.0,
2028,Fraser,Medical Specialists,1459.13,166916.0,
2028,Fraser,Other Practitioners,2554.28,166916.0,
2028,Interior,General Practitioners,1589.0,188066.0,
2028,Interior,Medical Specialists,954.43,188066.0,
2028,Interior,Other Practitioners,1797.08,188066.0,
2028,Northern,General Practitioners,374.51,132090.0,
2028,Northern,Medical Specialists,174.36,132090.0,
2028,Northern,Other Practitioners,238.21,132090.0,
2028,Vancouver Coastal,General Practitioners,1698.9,70688.0,
2028,Vancouver Coastal,Medical Specialists,2254.14,70688.0,
2028,Vancouver Coastal,Other Practitioners,2278.71,70688.0,
2028,Vancouver Island,General Practitioners,1684.34,153148.0,
2028,Vancouver Island,Medical Specialists,1130.22,153148.0,
2028,Vancouver Island,Other Practitioners,1954.34,153148.0,
2029,Fraser,General Practitioners,2144.34,171672.0,
2029,Fraser,Medical Specialists,1500.71,171672.0,
2029,Fraser,Other Practitioners,2627.06,171672.0,
2029,Interior,General Practitioners,1636.99,193746.0,
2029,Interior,Medical Specialists,983.26,193746.0,
2029,Interior,Other Practitioners,1851.36,193746.0,
2029,Northern,General Practitioners,379.62,133892.0,
2029,Northern,Medical Specialists,176.74,133892.0,
2029,Northern,Other Practitioners,241.46,133892.0,
2029,Vancouver Coastal,General Practitioners,1692.75,70432.0,
2029,Vancouver Coastal,Medical Specialists,2245.98,70432.0,
2029,Vancouver Coastal,Other Practitioners,2270.46,70432.0,
2029,Vancouver Island,General Practitioners,1713.44,155794.0,
2029,Vancouver Island,Medical Specialists,1149.75,155794.0,
2029,Vancouver Island,Other Practitioners,1988.11,155794.0,
2030,Fraser,General Practitioners,2205.25,176548.0,
2030,Fraser,Medical Specialists,1543.33,176548.0,
2030,Fraser,Other Practitioners,2701.68,176548.0,
2030,Interior,General Practitioners,1685.54,199492.0,
2030,Interior,Medical Specialists,1012.42,199492.0,
2030,Interior,Other Practitioners,1906.26,199492.0,
2030,Northern,General Practitioners,384.59,135646.0,
2030,Northern,Medical Specialists,179.06,135646.0,
2030,Northern,Other Practitioners,244.63,135646.0,
2030,Vancouver Coastal,General Practitioners,1684.72,70098.0,
2030,Vancouver Coastal,Medical Specialists,2235.33,70098.0,
2030,Vancouver Coastal,Other Practitioners,2259.69,70098.0,
2030,Vancouver Island,General Practitioners,1742.46,158432.0,
2030,Vancouver Island,Medical Specialists,1169.22,158432.0,
2030,Vancouver Island,Other Practitioners,2021.77,158432.0,
2031,Fraser,General Practitioners,2268.35,181600.0,
2031,Fraser,Medical Specialists,1587.5,181600.0,
2031,Fraser,Other Practitioners,2778.99,181600.0,
2031,Interior,General Practitioners,1733.78,205202.0,
2031,Interior,Medical Specialists,1041.4,205202.0,
2031,Interior,Other Practitioners,1960.83,205202.0,
2031,Northern,General Practitioners,389.33,137318.0,
2031,Northern,Medical Specialists,181.26,137318.0,
2031,Northern,Other Practitioners,247.64,137318.0,
2031,Vancouver Coastal,General Practitioners,1676.02,69736.0,
2031,Vancouver Coastal,Medical Specialists,2223.79,69736.0,
2031,Vancouver Coastal,Other Practitioners,2248.02,69736.0,
2031,Vancouver Island,General Practitioners,1771.12,161038.0,
2031,Vancouver Island,Medical Specialists,1188.45,161038.0,
2031,Vancouver Island,Other Practitioners,2055.02,161038.0,
2032,Fraser,General Practitioners,2333.58,186822.0,
2032,Fraser,Medical Specialists,1633.15,186822.0,
2032,Fraser,Other Practitioners,2858.9,186822.0,
2032,Interior,General Practitioners,1782.45,210962.0,
2032,Interior,Medical Specialists,1070.63,210962.0,
2032,Interior,Other Practitioners,2015.87,210962.0,
2032,Northern,General Practitioners,393.67,138848.0,
2032,Northern,Medical Specialists,183.28,138848.0,
2032,Northern,Other Practitioners,250.4,138848.0,
2032,Vancouver Coastal,General Practitioners,1666.41,69336.0,
2032,Vancouver Coastal,Medical Specialists,2211.03,69336.0,
2032,Vancouver Coastal,Other Practitioners,2235.13,69336.0,
2032,Vancouver Island,General Practitioners,1799.25,163596.0,
2032,Vancouver Island,Medical Specialists,1207.33,163596.0,
2032,Vancouver Island,Other Practitioners,2087.67,163596.0,
2033,Fraser,General Practitioners,2400.05,192144.0,
2033,Fraser,Medical Specialists,1679.67,192144.0,
2033,Fraser,Other Practitioners,2940.34,192144.0,
2033,Interior,General Practitioners,1831.96,216822.0,
2033,Interior,Medical Specialists,1100.37,216822.0,
2033,Interior,Other Practitioners,2071.86,216822.0,
2033,Northern,General Practitioners,397.97,140366.0,
2033,Northern,Medical Specialists,185.29,140366.0,
2033,Northern,Other Practitioners,253.14,140366.0,
2033,Vancouver Coastal,General Practitioners,1652.71,68766.0,
2033,Vancouver Coastal,Medical Specialists,2192.85,68766.0,
2033,Vancouver Coastal,Other Practitioners,2216.75,68766.0,
2033,Vancouver Island,General Practitioners,1826.99,166118.0,
2033,Vancouver Island,Medical Specialists,1225.94,166118.0,
2033,Vancouver Island,Other Practitioners,2119.85,166118.0,
2034,Fraser,General Practitioners,2468.43,197618.0,
2034,Fraser,Medical Specialists,1727.52,197618.0,
2034,Fraser,Other Practitioners,3024.11,197618.0,
2034,Interior,General Practitioners,1881.41,222674.0,
2034,Interior,Medical Specialists,1130.07,222674.0,
2034,Interior,Other Practitioners,2127.78,222674.0,
2034,Northern,General Practitioners,402.01,141788.0,
2034,Northern,Medical Specialists,187.16,141788.0,
2034,Northern,Other Practitioners,255.7,141788.0,
2034,Vancouver Coastal,General Practitioners,1639.58,68220.0,
2034,Vancouver Coastal,Medical Specialists,2175.44,68220.0,
2034,Vancouver Coastal,Other Practitioners,2199.15,68220.0,
2034,Vancouver Island,General Practitioners,1853.41,168520.0,
2034,Vancouver Island,Medical Specialists,1243.66,168520.0,
2034,Vancouver Island,Other Practitioners,2150.5,168520.0,
2035,Fraser,General Practitioners,2539.13,203278.0,
2035,Fraser,Medical Specialists,1777.0,203278.0,
2035,Fraser,Other Practitioners,3110.72,203278.0,
2035,Interior,General Practitioners,1931.22,228570.0,
2035,Interior,Medical Specialists,1159.99,228570.0,
2035,Interior,Other Practitioners,2184.12,228570.0,
2035,Northern,General Practitioners,405.56,143042.0,
2035,Northern,Medical Specialists,188.82,143042.0,
2035,Northern,Other Practitioners,257.96,143042.0,
2035,Vancouver Coastal,General Practitioners,1623.15,67536.0,
2035,Vancouver Coastal,Medical Specialists,2153.63,67536.0,
2035,Vancouver Coastal,Other Practitioners,2177.1,67536.0,
2035,Vancouver Island,General Practitioners,1880.07,170944.0,
2035,Vancouver Island,Medical Specialists,1261.55,170944.0,
2035,Vancouver Island,Other Practitioners,2181.44,170944.0,
2036,Fraser,General Practitioners,2611.78,209094.0,
2036,Fraser,Medical Specialists,1827.84,209094.0,
2036,Fraser,Other Practitioners,3199.72,209094.0,
2036,Interior,General Practitioners,1980.45,234396.0,
2036,Interior,Medical Specialists,1189.56,234396.0,
2036,Interior,Other Practitioners,2239.79,234396.0,
2036,Northern,General Practitioners,408.9,144218.0,
2036,Northern,Medical Specialists,190.37,144218.0,
2036,Northern,Other Practitioners,260.08,144218.0,
2036,Vancouver Coastal,General Practitioners,1605.7,66810.0,
2036,Vancouver Coastal,Medical Specialists,2130.48,66810.0,
2036,Vancouver Coastal,Other Practitioners,2153.7,66810.0,
2036,Vancouver Island,General Practitioners,1906.04,173306.0,
2036,Vancouver Island,Medical Specialists,1278.98,173306.0,
2036,Vancouver Island,Other Practitioners,2211.58,173306.0,
2037,Fraser,General Practitioners,2686.45,215072.0,
2037,Fraser,Medical Specialists,1880.1,215072.0,
2037,Fraser,Other Practitioners,3291.2,215072.0,
2037,Interior,General Practitioners,2029.86,240244.0,
2037,Interior,Medical Specialists,1219.23,240244.0,
2037,Interior,Other Practitioners,2295.67,240244.0,
2037,Northern,General Practitioners,411.86,145262.0,
2037,Northern,Medical Specialists,191.75,145262.0,
2037,Northern,Other Practitioners,261.97,145262.0,
2037,Vancouver Coastal,General Practitioners,1587.62,66058.0,
2037,Vancouver Coastal,Medical Specialists,2106.5,66058.0,
2037,Vancouver Coastal,Other Practitioners,2129.46,66058.0,
2037,Vancouver Island,General Practitioners,1930.9,175566.0,
2037,Vancouver Island,Medical Specialists,1295.66,175566.0,
2037,Vancouver Island,Other Practitioners,2240.42,175566.0,
2038,Fraser,General Practitioners,2762.57,221166.0,
2038,Fraser,Medical Specialists,1933.37,221166.0,
2038,Fraser,Other Practitioners,3384.46,221166.0,
2038,Interior,General Practitioners,2079.9,246166.0,
2038,Interior,Medical Specialists,1249.29,246166.0,
2038,Interior,Other Practitioners,2352.26,246166.0,
2038,Northern,General Practitioners,414.43,146170.0,
2038,Northern,Medical Specialists,192.95,146170.0,
2038,Northern,Other Practitioners,263.6,146170.0,
2038,Vancouver Coastal,General Practitioners,1565.75,65148.0,
2038,Vancouver Coastal,Medical Specialists,2077.48,65148.0,
2038,Vancouver Coastal,Other Practitioners,2100.12,65148.0,
2038,Vancouver Island,General Practitioners,1956.06,177854.0,
2038,Vancouver Island,Medical Specialists,1312.55,177854.0,
2038,Vancouver Island,Other Practitioners,2269.62,177854.0,
2039,Fraser,General Practitioners,2839.56,227330.0,
2039,Fraser,Medical Specialists,1987.26,227330.0,
2039,Fraser,Other Practitioners,3478.79,227330.0,
2039,Interior,General Practitioners,2130.03,252100.0,
2039,Interior,Medical Specialists,1279.4,252100.0,
2039,Interior,Other Practitioners,2408.97,252100.0,
2039,Northern,General Practitioners,416.86,147028.0,
2039,Northern,Medical Specialists,194.08,147028.0,
2039,Northern,Other Practitioners,265.15,147028.0,
2039,Vancouver Coastal,General Practitioners,1544.22,64252.0,
2039,Vancouver Coastal,Medical Specialists,2048.91,64252.0,
2039,Vancouver Coastal,Other Practitioners,2071.24,64252.0,
2039,Vancouver Island,General Practitioners,1979.31,179968.0,
2039,Vancouver Island,Medical Specialists,1328.15,179968.0,
2039,Vancouver Island,Other Practitioners,2296.59,179968.0,
2040,Fraser,General Practitioners,2918.6,233658.0,
2040,Fraser,Medical Specialists,2042.57,233658.0,
2040,Fraser,Other Practitioners,3575.62,233658.0,
2040,Interior,General Practitioners,2179.51,257956.0,
2040,Interior,Medical Specialists,1309.12,257956.0,
2040,Interior,Other Practitioners,2464.92,257956.0,
2040,Northern,General Practitioners,418.84,147726.0,
2040,Northern,Medical Specialists,195.0,147726.0,
2040,Northern,Other Practitioners,266.41,147726.0,
2040,Vancouver Coastal,General Practitioners,1520.52,63266.0,
2040,Vancouver Coastal,Medical Specialists,2017.47,63266.0,
2040,Vancouver Coastal,Other Practitioners,2039.46,63266.0,
2040,Vancouver Island,General Practitioners,2002.96,182118.0,
2040,Vancouver Island,Medical Specialists,1344.02,182118.0,
2040,Vancouver Island,Other Practitioners,2324.03,182118.0,
2041,Fraser,General Practitioners,2999.64,240146.0,
2041,Fraser,Medical Specialists,2099.29,240146.0,
2041,Fraser,Other Practitioners,3674.91,240146.0,
2041,Interior,General Practitioners,2228.26,263726.0,
2041,Interior,Medical Specialists,1338.4,263726.0,
2041,Interior,Other Practitioners,2520.06,263726.0,
2041,Northern,General Practitioners,420.52,148318.0,
2041,Northern,Medical Specialists,195.78,148318.0,
2041,Northern,Other Practitioners,267.48,148318.0,
2041,Vancouver Coastal,General Practitioners,1495.33,62218.0,
2041,Vancouver Coastal,Medical Specialists,1984.05,62218.0,
2041,Vancouver Coastal,Other Practitioners,2005.67,62218.0,
2041,Vancouver Island,General Practitioners,2025.66,184182.0,
2041,Vancouver Island,Medical Specialists,1359.25,184182.0,
2041,Vancouver Island,Other Practitioners,2350.37,184182.0,
2042,Fraser,General Practitioners,3081.61,246708.0,
2042,Fraser,Medical Specialists,2156.65,246708.0,
2042,Fraser,Other Practitioners,3775.32,246708.0,
2042,Interior,General Practitioners,2276.58,269444.0,
2042,Interior,Medical Specialists,1367.42,269444.0,
2042,Interior,Other Practitioners,2574.7,269444.0,
2042,Northern,General Practitioners,421.96,148826.0,
2042,Northern,Medical Specialists,196.45,148826.0,
2042,Northern,Other Practitioners,268.39,148826.0,
2042,Vancouver Coastal,General Practitioners,1470.15,61170.0,
2042,Vancouver Coastal,Medical Specialists,1950.63,61170.0,
2042,Vancouver Coastal,Other Practitioners,1971.89,61170.0,
2042,Vancouver Island,General Practitioners,2047.37,186156.0,
2042,Vancouver Island,Medical Specialists,1373.82,186156.0,
2042,Vancouver Island,Other Practitioners,2375.56,186156.0,
2043,Fraser,General Practitioners,3165.47,253422.0,
2043,Fraser,Medical Specialists,2215.35,253422.0,
2043,Fraser,Other Practitioners,3878.07,253422.0,
2043,Interior,General Practitioners,2323.89,275044.0,
2043,Interior,Medical Specialists,1395.84,275044.0,
2043,Interior,Other Practitioners,2628.21,275044.0,
2043,Northern,General Practitioners,422.91,149160.0,
2043,Northern,Medical Specialists,196.89,149160.0,
2043,Northern,Other Practitioners,269.0,149160.0,
2043,Vancouver Coastal,General Practitioners,1443.76,60072.0,
2043,Vancouver Coastal,Medical Specialists,1915.61,60072.0,
2043,Vancouver Coastal,Other Practitioners,1936.49,60072.0,
2043,Vancouver Island,General Practitioners,2069.39,188158.0,
2043,Vancouver Island,Medical Specialists,1388.59,188158.0,
2043,Vancouver Island,Other Practitioners,2401.11,188158.0,
2044,Fraser,General Practitioners,3250.19,260204.0,
2044,Fraser,Medical Specialists,2274.63,260204.0,
2044,Fraser,Other Practitioners,3981.85,260204.0,
2044,Interior,General Practitioners,2369.72,280468.0,
2044,Interior,Medical Specialists,1423.37,280468.0,
2044,Interior,Other Practitioners,2680.04,280468.0,
2044,Northern,General Practitioners,423.97,149534.0,
2044,Northern,Medical Specialists,197.39,149534.0,
2044,Northern,Other Practitioners,269.67,149534.0,
2044,Vancouver Coastal,General Practitioners,1416.79,58950.0,
2044,Vancouver Coastal,Medical Specialists,1879.84,58950.0,
2044,Vancouver Coastal,Other Practitioners,1900.32,58950.0,
2044,Vancouver Island,General Practitioners,2090.72,190098.0,
2044,Vancouver Island,Medical Specialists,1402.91,190098.0,
2044,Vancouver Island,Other Practitioners,2425.86,190098.0,
2045,Fraser,General Practitioners,3335.92,267068.0,
2045,Fraser,Medical Specialists,2334.64,267068.0,
2045,Fraser,Other Practitioners,4086.89,267068.0,
2045,Interior,General Practitioners,2414.79,285802.0,
2045,Interior,Medical Specialists,1450.44,285802.0,
2045,Interior,Other Practitioners,2731.01,285802.0,
2045,Northern,General Practitioners,424.63,149768.0,
2045,Northern,Medical Specialists,197.7,149768.0,
2045,Northern,Other Practitioners,270.09,149768.0,
2045,Vancouver Coastal,General Practitioners,1389.15,57800.0,
2045,Vancouver Coastal,Medical Specialists,1843.16,57800.0,
2045,Vancouver Coastal,Other Practitioners,1863.25,57800.0,
2045,Vancouver Island,General Practitioners,2112.02,192034.0,
2045,Vancouver Island,Medical Specialists,1417.2,192034.0,
2045,Vancouver Island,Other Practitioners,2450.57,192034.0,
2046,Fraser,General Practitioners,3424.61,274168.0,
2046,Fraser,Medical Specialists,2396.7,274168.0,
2046,Fraser,Other Practitioners,4195.54,274168.0,
2046,Interior,General Practitioners,2458.22,290942.0,
2046,Interior,Medical Specialists,1476.53,290942.0,
2046,Interior,Other Practitioners,2780.12,290942.0,
2046,Northern,General Practitioners,424.8,149828.0,
2046,Northern,Medical Specialists,197.78,149828.0,
2046,Northern,Other Practitioners,270.2,149828.0,
2046,Vancouver Coastal,General Practitioners,1361.23,56638.0,
2046,Vancouver Coastal,Medical Specialists,1806.11,56638.0,
2046,Vancouver Coastal,Other Practitioners,1825.79,56638.0,
2046,Vancouver Island,General Practitioners,2132.49,193896.0,
2046,Vancouver Island,Medical Specialists,1430.94,193896.0,
2046,Vancouver Island,Other Practitioners,2474.33,193896.0,
